Component_ID,Component_Family,Lot_ID,Time_hr,Temperature_C,Voltage_V,Leakage_Current_uA,IDDQ_uA,ON_Resistance_Ohm,Status
C001,MOSFET,L05,0,85.46,4.97,10.224,8.613,0.08493,Normal
C001,MOSFET,L05,24,85.29,5.043,10.693,8.439,0.08653,Normal
C001,MOSFET,L05,48,85.19,5.009,10.953,8.706,0.08838,Normal
C001,MOSFET,L05,72,85.37,5.035,11.331,9.375,0.09265,Normal
C001,MOSFET,L05,96,84.39,5.009,12.618,9.716,0.09981,Normal
C001,MOSFET,L05,120,84.93,4.979,13.675,10.552,0.10196,Normal
C001,MOSFET,L05,144,85.97,4.983,15.011,11.303,0.10647,Normal
C001,MOSFET,L05,168,85.39,4.998,16.713,11.607,0.11719,Normal
C002,IC,L01,0,124.57,3.305,8.189,5.12,,Normal
C002,IC,L01,24,123.66,3.291,8.965,5.638,,Normal
C002,IC,L01,48,123.52,3.312,9.935,6.694,,Warning
C002,IC,L01,72,125.06,3.297,13.53,7.501,,Warning
C002,IC,L01,96,124.5,3.332,16.701,9.3,,Anomaly
C002,IC,L01,120,125.31,3.299,20.111,10.533,,Anomaly
C002,IC,L01,144,124.49,3.297,24.566,12.138,,Anomaly
C002,IC,L01,168,125.77,3.312,29.58,14.11,,Anomaly
C003,Capacitor,L01,0,100.2,9.963,5.953,0.0,,Normal
C003,Capacitor,L01,24,99.5,9.974,5.771,0.0,,Normal
C003,Capacitor,L01,48,101.14,9.936,6.778,0.0,,Normal
C003,Capacitor,L01,72,100.18,10.047,6.594,0.0,,Normal
C003,Capacitor,L01,96,99.94,9.944,7.436,0.0,,Normal
C003,Capacitor,L01,120,101.06,9.951,7.837,0.0,,Normal
C003,Capacitor,L01,144,100.03,9.957,8.878,0.0,,Normal
C003,Capacitor,L01,168,100.88,9.96,9.74,0.0,,Normal
C004,MOSFET,L05,0,99.73,4.945,10.239,8.238,0.086,Normal
C004,MOSFET,L05,24,99.6,4.978,10.684,8.084,0.08403,Normal
C004,MOSFET,L05,48,98.82,5.016,11.062,8.534,0.08991,Normal
C004,MOSFET,L05,72,100.66,4.943,10.994,8.861,0.09385,Normal
C004,MOSFET,L05,96,100.5,4.986,12.098,9.669,0.09744,Normal
C004,MOSFET,L05,120,101.06,4.995,13.188,10.054,0.10056,Normal
C004,MOSFET,L05,144,98.5,5.013,14.964,10.806,0.1074,Normal
C004,MOSFET,L05,168,98.52,4.97,15.898,12.102,0.11081,Normal
C005,MOSFET,L03,0,86.94,5.019,9.71,7.872,0.08726,Normal
C005,MOSFET,L03,24,84.49,5.018,10.324,8.584,0.08824,Normal
C005,MOSFET,L03,48,84.9,4.97,11.104,9.137,0.09071,Normal
C005,MOSFET,L03,72,83.87,5.021,12.42,9.54,0.09633,Normal
C005,MOSFET,L03,96,83.91,5.012,12.905,10.453,0.10085,Normal
C005,MOSFET,L03,120,85.78,4.99,14.126,11.411,0.10871,Normal
C005,MOSFET,L03,144,83.65,4.963,15.866,11.998,0.11635,Normal
C005,MOSFET,L03,168,84.49,5.002,18.1,13.214,0.12317,Normal
C006,IC,L03,0,125.99,3.274,8.051,5.42,,Normal
C006,IC,L03,24,125.21,3.29,8.988,5.743,,Normal
C006,IC,L03,48,124.69,3.311,10.098,6.476,,Warning
C006,IC,L03,72,124.6,3.289,12.675,7.532,,Warning
C006,IC,L03,96,123.94,3.324,15.943,8.699,,Anomaly
C006,IC,L03,120,123.85,3.279,18.809,10.448,,Anomaly
C006,IC,L03,144,124.3,3.318,22.758,11.429,,Anomaly
C006,IC,L03,168,125.58,3.292,26.261,13.274,,Anomaly
C007,MOSFET,L01,0,126.23,5.005,9.372,8.155,0.08359,Normal
C007,MOSFET,L01,24,125.64,4.98,10.513,8.139,0.08682,Normal
C007,MOSFET,L01,48,125.54,4.982,10.309,8.923,0.08589,Normal
C007,MOSFET,L01,72,124.71,5.016,10.807,8.882,0.0933,Normal
C007,MOSFET,L01,96,124.28,4.996,11.6,9.213,0.09673,Normal
C007,MOSFET,L01,120,125.54,5.005,12.545,10.055,0.09847,Normal
C007,MOSFET,L01,144,125.09,4.999,12.73,10.269,0.10357,Normal
C007,MOSFET,L01,168,124.01,5.007,14.302,10.941,0.10417,Normal
C008,MOSFET,L04,0,125.32,5.035,10.459,7.789,0.08501,Normal
C008,MOSFET,L04,24,124.36,4.99,10.317,8.66,0.08489,Normal
C008,MOSFET,L04,48,125.39,4.977,10.828,8.854,0.09001,Normal
C008,MOSFET,L04,72,125.1,4.984,11.457,9.347,0.09677,Normal
C008,MOSFET,L04,96,124.79,4.996,13.523,9.847,0.10375,Normal
C008,MOSFET,L04,120,126.1,5.015,13.598,11.179,0.10365,Normal
C008,MOSFET,L04,144,125.66,5.018,15.569,11.896,0.11409,Normal
C008,MOSFET,L04,168,125.32,4.97,17.212,12.907,0.12041,Normal
C009,MOSFET,L02,0,85.41,4.936,9.464,7.999,0.0862,Normal
C009,MOSFET,L02,24,84.94,5.038,9.808,8.067,0.08608,Normal
C009,MOSFET,L02,48,84.61,5.063,10.89,8.394,0.09299,Normal
C009,MOSFET,L02,72,85.15,5.022,11.649,9.239,0.09396,Normal
C009,MOSFET,L02,96,83.54,4.991,12.488,9.895,0.09612,Normal
C009,MOSFET,L02,120,84.26,5.024,13.63,10.179,0.10238,Normal
C009,MOSFET,L02,144,82.98,5.006,14.854,11.557,0.11025,Normal
C009,MOSFET,L02,168,86.56,4.98,16.333,12.327,0.11522,Normal
C010,MOSFET,L06,0,99.67,5.018,10.665,7.828,0.0859,Normal
C010,MOSFET,L06,24,100.58,4.997,10.53,8.213,0.08495,Normal
C010,MOSFET,L06,48,101.35,4.978,10.592,8.389,0.09203,Normal
C010,MOSFET,L06,72,98.98,5.066,11.508,9.067,0.09589,Normal
C010,MOSFET,L06,96,101.42,4.95,14.168,10.458,0.10188,Normal
C010,MOSFET,L06,120,99.16,5.03,14.756,11.152,0.11178,Normal
C010,MOSFET,L06,144,99.58,5.02,16.525,12.776,0.11632,Normal
C010,MOSFET,L06,168,98.99,5.02,17.641,13.222,0.12425,Normal
C011,MOSFET,L05,0,124.94,4.992,10.224,8.099,0.08678,Normal
C011,MOSFET,L05,24,125.36,4.985,9.839,8.159,0.08648,Normal
C011,MOSFET,L05,48,124.59,5.006,11.33,8.808,0.08843,Normal
C011,MOSFET,L05,72,124.64,5.015,11.658,9.141,0.09312,Normal
C011,MOSFET,L05,96,125.56,4.999,11.69,9.306,0.09248,Normal
C011,MOSFET,L05,120,125.65,5.007,12.629,9.749,0.10039,Normal
C011,MOSFET,L05,144,125.19,5.004,13.099,10.629,0.10362,Normal
C011,MOSFET,L05,168,125.31,5.006,15.171,11.537,0.10805,Normal
C012,Capacitor,L01,0,84.65,10.022,5.932,0.0,,Normal
C012,Capacitor,L01,24,85.55,9.968,6.034,0.0,,Normal
C012,Capacitor,L01,48,83.89,9.943,7.222,0.0,,Normal
C012,Capacitor,L01,72,85.15,9.932,7.073,0.0,,Normal
C012,Capacitor,L01,96,85.81,9.941,7.409,0.0,,Normal
C012,Capacitor,L01,120,86.24,10.019,8.492,0.0,,Normal
C012,Capacitor,L01,144,83.5,9.971,9.603,0.0,,Normal
C012,Capacitor,L01,168,84.9,10.056,11.214,0.0,,Normal
C013,IC,L03,0,126.11,3.333,8.043,4.984,,Normal
C013,IC,L03,24,125.07,3.283,8.337,5.227,,Normal
C013,IC,L03,48,125.28,3.307,8.887,5.315,,Normal
C013,IC,L03,72,123.91,3.296,10.118,5.861,,Normal
C013,IC,L03,96,124.67,3.316,10.629,6.253,,Normal
C013,IC,L03,120,125.82,3.335,12.166,6.948,,Normal
C013,IC,L03,144,124.82,3.356,13.229,7.226,,Normal
C013,IC,L03,168,125.24,3.292,14.671,7.708,,Normal
C014,MOSFET,L05,0,124.04,5.012,10.002,7.759,0.08419,Normal
C014,MOSFET,L05,24,125.67,4.99,10.477,7.898,0.08781,Normal
C014,MOSFET,L05,48,124.65,5.007,11.061,8.521,0.09169,Normal
C014,MOSFET,L05,72,125.18,4.998,11.685,9.795,0.09624,Normal
C014,MOSFET,L05,96,124.52,4.993,13.192,10.498,0.10159,Normal
C014,MOSFET,L05,120,125.3,5.029,14.841,11.303,0.10956,Normal
C014,MOSFET,L05,144,124.96,5.003,15.916,12.758,0.11687,Normal
C014,MOSFET,L05,168,124.31,4.946,17.981,13.584,0.12349,Normal
C015,IC,L06,0,83.62,3.321,8.239,5.138,,Normal
C015,IC,L06,24,83.77,3.317,8.209,4.865,,Normal
C015,IC,L06,48,85.15,3.314,8.084,5.544,,Normal
C015,IC,L06,72,86.14,3.322,9.457,5.753,,Normal
C015,IC,L06,96,85.0,3.276,10.612,6.159,,Normal
C015,IC,L06,120,85.57,3.298,11.261,6.463,,Normal
C015,IC,L06,144,86.7,3.302,13.164,7.659,,Normal
C015,IC,L06,168,85.29,3.279,14.92,7.665,,Normal
C016,MOSFET,L01,0,84.83,5.021,10.438,8.363,0.08431,Normal
C016,MOSFET,L01,24,85.27,5.013,10.708,8.403,0.08798,Normal
C016,MOSFET,L01,48,84.23,5.039,11.202,9.149,0.09249,Normal
C016,MOSFET,L01,72,85.17,5.002,11.889,9.401,0.09483,Normal
C016,MOSFET,L01,96,85.31,4.979,13.223,10.148,0.10259,Normal
C016,MOSFET,L01,120,85.69,5.0,14.35,11.525,0.1088,Normal
C016,MOSFET,L01,144,85.34,4.963,16.527,12.021,0.11572,Normal
C016,MOSFET,L01,168,85.92,5.008,17.961,13.026,0.12382,Normal
C017,Capacitor,L03,0,84.16,10.013,6.069,0.0,,Normal
C017,Capacitor,L03,24,84.15,9.925,6.188,0.0,,Normal
C017,Capacitor,L03,48,85.35,9.973,7.092,0.0,,Warning
C017,Capacitor,L03,72,84.69,9.924,9.038,0.0,,Warning
C017,Capacitor,L03,96,84.09,9.923,9.93,0.0,,Anomaly
C017,Capacitor,L03,120,85.27,10.011,12.475,0.0,,Anomaly
C017,Capacitor,L03,144,84.66,9.892,15.886,0.0,,Anomaly
C017,Capacitor,L03,168,84.85,10.008,17.804,0.0,,Anomaly
C018,Capacitor,L02,0,124.55,10.083,5.88,0.0,,Normal
C018,Capacitor,L02,24,123.62,9.984,6.293,0.0,,Normal
C018,Capacitor,L02,48,125.88,10.064,6.619,0.0,,Normal
C018,Capacitor,L02,72,124.75,10.02,7.151,0.0,,Normal
C018,Capacitor,L02,96,125.95,9.947,7.959,0.0,,Normal
C018,Capacitor,L02,120,123.92,10.027,9.077,0.0,,Normal
C018,Capacitor,L02,144,123.88,10.046,10.377,0.0,,Normal
C018,Capacitor,L02,168,124.46,9.994,10.956,0.0,,Normal
C019,Diode,L04,0,100.49,4.994,3.874,0.0,,Normal
C019,Diode,L04,24,98.96,5.013,4.018,0.0,,Normal
C019,Diode,L04,48,99.31,5.001,4.171,0.0,,Warning
C019,Diode,L04,72,99.77,5.005,5.367,0.0,,Warning
C019,Diode,L04,96,100.66,4.984,6.787,0.0,,Anomaly
C019,Diode,L04,120,101.14,5.009,7.742,0.0,,Anomaly
C019,Diode,L04,144,99.85,5.004,10.017,0.0,,Anomaly
C019,Diode,L04,168,99.36,5.019,11.448,0.0,,Anomaly
C020,MOSFET,L06,0,84.58,5.001,10.556,7.968,0.0843,Normal
C020,MOSFET,L06,24,84.67,4.938,10.335,8.279,0.08691,Normal
C020,MOSFET,L06,48,85.49,4.995,10.604,8.416,0.09231,Normal
C020,MOSFET,L06,72,84.73,5.062,11.221,9.203,0.09552,Normal
C020,MOSFET,L06,96,86.58,5.002,11.959,9.191,0.09652,Normal
C020,MOSFET,L06,120,85.7,5.002,12.707,10.262,0.10156,Normal
C020,MOSFET,L06,144,85.96,5.03,13.977,10.929,0.1056,Normal
C020,MOSFET,L06,168,85.29,5.022,15.722,11.342,0.1105,Normal
C021,MOSFET,L04,0,85.33,5.023,9.951,7.798,0.08667,Normal
C021,MOSFET,L04,24,85.31,4.985,10.323,8.684,0.08608,Normal
C021,MOSFET,L04,48,86.57,4.978,11.031,8.493,0.09217,Normal
C021,MOSFET,L04,72,84.7,4.978,12.36,8.918,0.09556,Normal
C021,MOSFET,L04,96,85.0,4.981,12.484,9.542,0.0994,Normal
C021,MOSFET,L04,120,85.2,4.988,14.277,10.723,0.10383,Normal
C021,MOSFET,L04,144,85.72,4.997,15.346,11.231,0.11077,Normal
C021,MOSFET,L04,168,84.98,5.012,16.858,12.043,0.11632,Normal
C022,Diode,L03,0,85.5,5.009,4.206,0.0,,Normal
C022,Diode,L03,24,85.67,4.994,4.304,0.0,,Normal
C022,Diode,L03,48,86.09,5.028,4.105,0.0,,Normal
C022,Diode,L03,72,85.68,4.977,4.713,0.0,,Normal
C022,Diode,L03,96,84.49,4.977,4.942,0.0,,Normal
C022,Diode,L03,120,84.93,4.98,5.125,0.0,,Normal
C022,Diode,L03,144,83.33,4.973,5.078,0.0,,Normal
C022,Diode,L03,168,86.12,4.981,6.193,0.0,,Normal
C023,Diode,L01,0,100.01,4.992,4.306,0.0,,Normal
C023,Diode,L01,24,99.52,5.012,4.544,0.0,,Normal
C023,Diode,L01,48,99.77,5.003,4.976,0.0,,Warning
C023,Diode,L01,72,100.51,4.971,6.107,0.0,,Warning
C023,Diode,L01,96,100.29,5.041,8.136,0.0,,Anomaly
C023,Diode,L01,120,100.71,4.986,9.516,0.0,,Anomaly
C023,Diode,L01,144,99.86,5.023,12.382,0.0,,Anomaly
C023,Diode,L01,168,100.5,5.0,14.194,0.0,,Anomaly
C024,IC,L02,0,124.95,3.32,8.047,5.171,,Normal
C024,IC,L02,24,124.91,3.277,7.729,5.029,,Normal
C024,IC,L02,48,126.21,3.286,8.475,5.495,,Normal
C024,IC,L02,72,124.47,3.299,9.175,5.67,,Normal
C024,IC,L02,96,124.7,3.323,9.766,5.816,,Normal
C024,IC,L02,120,125.15,3.295,9.779,6.075,,Normal
C024,IC,L02,144,124.45,3.31,11.401,6.235,,Normal
C024,IC,L02,168,126.05,3.307,12.159,6.722,,Normal
C025,Capacitor,L01,0,85.62,10.033,5.797,0.0,,Normal
C025,Capacitor,L01,24,85.73,10.048,6.399,0.0,,Normal
C025,Capacitor,L01,48,84.97,9.956,7.414,0.0,,Normal
C025,Capacitor,L01,72,85.17,10.062,6.429,0.0,,Normal
C025,Capacitor,L01,96,84.65,9.847,7.565,0.0,,Normal
C025,Capacitor,L01,120,85.42,9.976,7.865,0.0,,Normal
C025,Capacitor,L01,144,86.39,9.973,9.176,0.0,,Normal
C025,Capacitor,L01,168,85.25,10.007,10.202,0.0,,Normal
C026,MOSFET,L02,0,84.33,4.976,10.018,7.953,0.08496,Normal
C026,MOSFET,L02,24,84.56,4.974,9.702,8.117,0.08517,Normal
C026,MOSFET,L02,48,85.23,4.987,10.905,8.647,0.09247,Normal
C026,MOSFET,L02,72,84.51,5.036,11.574,9.239,0.09316,Normal
C026,MOSFET,L02,96,84.57,5.023,12.196,9.998,0.10179,Normal
C026,MOSFET,L02,120,85.67,4.98,14.026,10.766,0.10693,Normal
C026,MOSFET,L02,144,84.29,4.962,15.306,11.477,0.11541,Normal
C026,MOSFET,L02,168,86.01,5.015,17.559,12.793,0.11921,Normal
C027,Diode,L06,0,126.28,4.975,4.104,0.0,,Normal
C027,Diode,L06,24,126.38,4.999,3.887,0.0,,Normal
C027,Diode,L06,48,124.76,5.036,4.438,0.0,,Normal
C027,Diode,L06,72,125.23,5.019,4.601,0.0,,Normal
C027,Diode,L06,96,124.65,4.981,5.31,0.0,,Normal
C027,Diode,L06,120,125.2,5.018,5.299,0.0,,Normal
C027,Diode,L06,144,124.38,4.985,5.864,0.0,,Normal
C027,Diode,L06,168,125.01,5.01,6.744,0.0,,Normal
C028,Diode,L04,0,100.23,5.0,4.629,0.0,,Normal
C028,Diode,L04,24,99.06,4.986,4.373,0.0,,Normal
C028,Diode,L04,48,99.82,4.994,4.524,0.0,,Normal
C028,Diode,L04,72,100.83,4.99,5.182,0.0,,Normal
C028,Diode,L04,96,99.61,5.053,5.352,0.0,,Normal
C028,Diode,L04,120,99.11,4.975,5.897,0.0,,Normal
C028,Diode,L04,144,99.84,5.005,5.832,0.0,,Normal
C028,Diode,L04,168,99.06,4.983,6.699,0.0,,Normal
C029,MOSFET,L02,0,124.62,4.976,9.538,8.08,0.08628,Normal
C029,MOSFET,L02,24,125.66,5.013,10.938,8.386,0.09316,Normal
C029,MOSFET,L02,48,123.85,4.971,12.277,10.359,0.10368,Warning
C029,MOSFET,L02,72,124.97,5.031,14.964,11.612,0.11691,Warning
C029,MOSFET,L02,96,123.24,4.979,18.852,14.26,0.1335,Anomaly
C029,MOSFET,L02,120,125.79,4.994,22.854,16.312,0.15155,Anomaly
C029,MOSFET,L02,144,124.76,5.02,26.781,19.318,0.16745,Anomaly
C029,MOSFET,L02,168,125.19,5.007,32.388,22.41,0.19138,Anomaly
C030,Diode,L04,0,100.11,4.98,3.394,0.0,,Normal
C030,Diode,L04,24,98.87,5.017,4.261,0.0,,Normal
C030,Diode,L04,48,99.92,4.993,5.074,0.0,,Warning
C030,Diode,L04,72,99.75,4.989,5.766,0.0,,Warning
C030,Diode,L04,96,100.79,4.989,6.707,0.0,,Anomaly
C030,Diode,L04,120,100.05,4.992,8.371,0.0,,Anomaly
C030,Diode,L04,144,99.01,4.997,9.602,0.0,,Anomaly
C030,Diode,L04,168,99.12,4.964,12.148,0.0,,Anomaly
C031,Diode,L06,0,124.96,5.02,3.7,0.0,,Normal
C031,Diode,L06,24,125.37,5.01,3.587,0.0,,Normal
C031,Diode,L06,48,124.03,5.009,4.757,0.0,,Normal
C031,Diode,L06,72,124.29,4.989,4.178,0.0,,Normal
C031,Diode,L06,96,125.21,4.981,5.137,0.0,,Normal
C031,Diode,L06,120,124.29,4.984,4.967,0.0,,Normal
C031,Diode,L06,144,124.18,4.943,6.036,0.0,,Normal
C031,Diode,L06,168,125.0,4.982,6.173,0.0,,Normal
C032,IC,L06,0,84.26,3.293,7.807,4.879,,Normal
C032,IC,L06,24,85.55,3.297,9.011,5.62,,Normal
C032,IC,L06,48,85.08,3.311,9.722,6.398,,Warning
C032,IC,L06,72,84.67,3.287,12.519,7.476,,Warning
C032,IC,L06,96,85.67,3.307,15.425,8.865,,Anomaly
C032,IC,L06,120,84.04,3.308,19.14,10.43,,Anomaly
C032,IC,L06,144,85.16,3.308,22.93,11.959,,Anomaly
C032,IC,L06,168,86.22,3.293,27.52,13.597,,Anomaly
C033,Capacitor,L01,0,86.08,10.048,5.265,0.0,,Normal
C033,Capacitor,L01,24,84.23,9.972,5.809,0.0,,Normal
C033,Capacitor,L01,48,84.86,10.028,6.186,0.0,,Normal
C033,Capacitor,L01,72,85.19,10.07,7.073,0.0,,Normal
C033,Capacitor,L01,96,85.42,9.993,7.761,0.0,,Normal
C033,Capacitor,L01,120,84.34,9.961,8.611,0.0,,Normal
C033,Capacitor,L01,144,83.8,10.121,10.341,0.0,,Normal
C033,Capacitor,L01,168,85.52,9.947,10.521,0.0,,Normal
C034,MOSFET,L02,0,84.86,4.993,9.977,7.806,0.08538,Normal
C034,MOSFET,L02,24,85.43,4.992,9.799,8.555,0.08812,Normal
C034,MOSFET,L02,48,86.0,5.017,10.928,9.207,0.08968,Normal
C034,MOSFET,L02,72,84.66,5.004,11.15,9.761,0.09554,Normal
C034,MOSFET,L02,96,84.63,5.009,13.095,10.015,0.10053,Normal
C034,MOSFET,L02,120,85.11,4.989,13.755,10.955,0.10785,Normal
C034,MOSFET,L02,144,85.18,4.993,15.218,11.745,0.11289,Normal
C034,MOSFET,L02,168,85.36,4.969,17.073,13.077,0.12062,Normal
C035,MOSFET,L05,0,83.87,4.997,9.821,8.482,0.08677,Normal
C035,MOSFET,L05,24,84.69,5.035,10.195,8.527,0.08813,Normal
C035,MOSFET,L05,48,85.14,5.023,10.535,8.664,0.09348,Normal
C035,MOSFET,L05,72,85.01,5.023,11.333,8.635,0.09176,Normal
C035,MOSFET,L05,96,84.94,5.018,11.642,9.603,0.09448,Normal
C035,MOSFET,L05,120,83.87,5.005,12.888,9.718,0.10001,Normal
C035,MOSFET,L05,144,85.44,4.967,14.488,10.132,0.10556,Normal
C035,MOSFET,L05,168,86.04,5.017,15.342,10.768,0.10788,Normal
C036,MOSFET,L02,0,100.54,5.042,9.966,8.037,0.08653,Normal
C036,MOSFET,L02,24,99.41,4.966,10.27,8.124,0.08652,Normal
C036,MOSFET,L02,48,100.54,5.003,10.557,8.446,0.08989,Normal
C036,MOSFET,L02,72,99.47,4.993,10.139,9.021,0.09075,Normal
C036,MOSFET,L02,96,98.98,4.979,12.086,9.027,0.09128,Normal
C036,MOSFET,L02,120,100.52,5.028,12.618,9.699,0.09768,Normal
C036,MOSFET,L02,144,99.65,4.979,13.812,9.986,0.09738,Normal
C036,MOSFET,L02,168,99.49,5.004,14.407,10.494,0.10998,Normal
C037,MOSFET,L04,0,99.92,4.999,10.708,8.295,0.08592,Normal
C037,MOSFET,L04,24,99.14,5.002,10.505,8.585,0.08619,Normal
C037,MOSFET,L04,48,99.58,5.022,11.219,8.709,0.09398,Normal
C037,MOSFET,L04,72,99.46,5.007,11.789,9.759,0.09524,Normal
C037,MOSFET,L04,96,99.74,4.99,13.598,9.99,0.10368,Normal
C037,MOSFET,L04,120,99.37,4.986,13.62,11.188,0.10984,Normal
C037,MOSFET,L04,144,98.44,5.026,15.799,11.698,0.11348,Normal
C037,MOSFET,L04,168,98.69,5.032,17.847,12.947,0.11802,Normal
C038,Diode,L06,0,125.21,4.983,3.57,0.0,,Normal
C038,Diode,L06,24,123.27,4.964,5.111,0.0,,Normal
C038,Diode,L06,48,123.86,4.983,4.875,0.0,,Normal
C038,Diode,L06,72,124.57,4.993,4.917,0.0,,Normal
C038,Diode,L06,96,125.19,4.963,5.195,0.0,,Normal
C038,Diode,L06,120,125.18,4.998,6.026,0.0,,Normal
C038,Diode,L06,144,124.4,4.999,6.451,0.0,,Normal
C038,Diode,L06,168,125.55,4.956,6.96,0.0,,Normal
C039,IC,L05,0,124.32,3.312,7.653,4.82,,Normal
C039,IC,L05,24,124.57,3.254,8.071,5.254,,Normal
C039,IC,L05,48,125.36,3.29,8.106,5.231,,Normal
C039,IC,L05,72,124.45,3.276,9.107,5.439,,Normal
C039,IC,L05,96,124.11,3.325,9.113,5.631,,Normal
C039,IC,L05,120,124.0,3.302,10.443,5.939,,Normal
C039,IC,L05,144,124.25,3.313,10.59,6.399,,Normal
C039,IC,L05,168,126.16,3.292,12.368,6.649,,Normal
C040,MOSFET,L06,0,100.6,4.991,9.551,7.653,0.08435,Normal
C040,MOSFET,L06,24,99.5,4.999,10.162,8.158,0.08408,Normal
C040,MOSFET,L06,48,100.39,5.026,10.896,8.584,0.08761,Normal
C040,MOSFET,L06,72,99.93,4.959,11.039,8.785,0.09104,Normal
C040,MOSFET,L06,96,99.8,5.027,11.842,9.278,0.09208,Normal
C040,MOSFET,L06,120,100.54,5.011,12.955,9.53,0.09681,Normal
C040,MOSFET,L06,144,100.99,5.027,13.309,9.99,0.10291,Normal
C040,MOSFET,L06,168,100.49,4.997,14.416,11.007,0.1057,Normal
C041,Capacitor,L04,0,125.36,10.07,5.611,0.0,,Normal
C041,Capacitor,L04,24,123.98,10.008,6.052,0.0,,Normal
C041,Capacitor,L04,48,124.49,9.975,6.503,0.0,,Normal
C041,Capacitor,L04,72,124.7,9.928,7.218,0.0,,Normal
C041,Capacitor,L04,96,126.31,10.002,7.915,0.0,,Normal
C041,Capacitor,L04,120,126.16,9.94,7.547,0.0,,Normal
C041,Capacitor,L04,144,125.25,10.002,8.224,0.0,,Normal
C041,Capacitor,L04,168,126.24,9.985,9.531,0.0,,Normal
C042,MOSFET,L05,0,124.15,4.963,9.939,7.89,0.08546,Normal
C042,MOSFET,L05,24,125.41,4.992,10.529,8.927,0.09268,Normal
C042,MOSFET,L05,48,126.04,4.985,11.809,9.275,0.10096,Warning
C042,MOSFET,L05,72,125.1,5.001,14.296,11.014,0.10937,Warning
C042,MOSFET,L05,96,125.18,5.007,16.934,12.418,0.12131,Anomaly
C042,MOSFET,L05,120,123.88,4.979,19.461,14.539,0.13479,Anomaly
C042,MOSFET,L05,144,125.02,4.999,22.785,16.718,0.14945,Anomaly
C042,MOSFET,L05,168,125.36,5.032,27.026,19.178,0.1625,Anomaly
C043,Capacitor,L03,0,84.4,9.946,6.127,0.0,,Normal
C043,Capacitor,L03,24,85.46,9.983,6.646,0.0,,Normal
C043,Capacitor,L03,48,85.81,9.967,6.292,0.0,,Normal
C043,Capacitor,L03,72,85.65,9.967,6.889,0.0,,Normal
C043,Capacitor,L03,96,85.53,10.051,7.846,0.0,,Normal
C043,Capacitor,L03,120,85.74,9.994,9.28,0.0,,Normal
C043,Capacitor,L03,144,83.88,10.026,9.512,0.0,,Normal
C043,Capacitor,L03,168,85.46,9.923,10.919,0.0,,Normal
C044,MOSFET,L06,0,126.09,4.98,10.517,8.409,0.08422,Normal
C044,MOSFET,L06,24,124.32,4.971,10.159,8.255,0.08424,Normal
C044,MOSFET,L06,48,125.78,5.023,11.055,8.112,0.08899,Normal
C044,MOSFET,L06,72,124.15,4.965,11.013,8.904,0.0924,Normal
C044,MOSFET,L06,96,126.92,5.006,11.181,9.253,0.09668,Normal
C044,MOSFET,L06,120,123.45,4.934,12.566,9.934,0.10092,Normal
C044,MOSFET,L06,144,125.37,4.969,13.898,10.679,0.10573,Normal
C044,MOSFET,L06,168,124.46,4.994,14.629,11.068,0.10914,Normal
C045,MOSFET,L02,0,83.7,5.011,9.772,7.748,0.08475,Normal
C045,MOSFET,L02,24,86.05,5.027,10.269,8.192,0.08638,Normal
C045,MOSFET,L02,48,85.29,5.008,10.494,7.891,0.09068,Normal
C045,MOSFET,L02,72,85.88,5.008,10.995,9.131,0.09337,Normal
C045,MOSFET,L02,96,84.71,5.002,11.868,9.48,0.09496,Normal
C045,MOSFET,L02,120,85.49,5.005,12.161,10.178,0.09972,Normal
C045,MOSFET,L02,144,85.57,4.992,13.869,10.185,0.10658,Normal
C045,MOSFET,L02,168,85.01,5.014,15.291,10.917,0.1065,Normal
C046,Diode,L06,0,99.15,5.015,4.294,0.0,,Normal
C046,Diode,L06,24,100.65,5.013,3.912,0.0,,Normal
C046,Diode,L06,48,99.31,5.015,4.395,0.0,,Normal
C046,Diode,L06,72,100.14,5.027,3.706,0.0,,Normal
C046,Diode,L06,96,100.29,5.021,4.831,0.0,,Normal
C046,Diode,L06,120,99.25,5.045,5.133,0.0,,Normal
C046,Diode,L06,144,100.04,5.0,5.599,0.0,,Normal
C046,Diode,L06,168,99.87,4.968,5.713,0.0,,Normal
C047,IC,L06,0,85.69,3.321,8.018,5.045,,Normal
C047,IC,L06,24,86.21,3.312,8.33,5.165,,Normal
C047,IC,L06,48,85.19,3.295,8.374,5.203,,Normal
C047,IC,L06,72,85.33,3.319,9.572,6.415,,Normal
C047,IC,L06,96,83.74,3.308,9.955,6.135,,Normal
C047,IC,L06,120,84.9,3.283,11.744,6.583,,Normal
C047,IC,L06,144,84.93,3.281,12.308,7.224,,Normal
C047,IC,L06,168,85.79,3.293,13.813,7.756,,Normal
C048,IC,L06,0,124.65,3.308,8.135,5.03,,Normal
C048,IC,L06,24,123.15,3.288,8.503,5.508,,Normal
C048,IC,L06,48,123.56,3.259,8.352,5.264,,Normal
C048,IC,L06,72,125.5,3.328,9.206,5.618,,Normal
C048,IC,L06,96,125.13,3.28,9.526,5.88,,Normal
C048,IC,L06,120,125.52,3.309,10.92,5.974,,Normal
C048,IC,L06,144,126.42,3.297,11.193,6.431,,Normal
C048,IC,L06,168,125.36,3.292,11.506,6.909,,Normal
C049,MOSFET,L06,0,99.5,5.024,9.355,8.546,0.08507,Normal
C049,MOSFET,L06,24,100.05,4.998,11.139,9.504,0.09149,Normal
C049,MOSFET,L06,48,101.02,4.989,13.025,10.896,0.10787,Warning
C049,MOSFET,L06,72,100.24,4.983,16.1,12.956,0.12511,Warning
C049,MOSFET,L06,96,99.39,4.966,20.529,15.091,0.1433,Anomaly
C049,MOSFET,L06,120,99.15,4.996,25.458,18.869,0.1632,Anomaly
C049,MOSFET,L06,144,99.95,5.006,30.839,21.871,0.18621,Anomaly
C049,MOSFET,L06,168,101.26,4.965,37.679,25.318,0.2129,Anomaly
C050,IC,L03,0,99.43,3.309,8.678,4.966,,Normal
C050,IC,L03,24,99.78,3.276,8.012,5.239,,Normal
C050,IC,L03,48,99.39,3.274,8.037,5.415,,Normal
C050,IC,L03,72,99.11,3.303,9.185,5.729,,Normal
C050,IC,L03,96,99.96,3.28,9.364,5.739,,Normal
C050,IC,L03,120,99.87,3.276,10.704,6.524,,Normal
C050,IC,L03,144,100.31,3.299,11.321,6.571,,Normal
C050,IC,L03,168,98.71,3.269,12.465,6.943,,Normal
C051,MOSFET,L02,0,83.89,5.041,10.205,8.028,0.08241,Normal
C051,MOSFET,L02,24,85.12,4.993,10.909,8.264,0.08704,Normal
C051,MOSFET,L02,48,84.9,5.01,10.812,8.868,0.09012,Normal
C051,MOSFET,L02,72,85.49,4.981,11.335,9.097,0.09333,Normal
C051,MOSFET,L02,96,85.24,5.021,13.439,9.795,0.09623,Normal
C051,MOSFET,L02,120,84.09,4.999,13.943,11.317,0.10475,Normal
C051,MOSFET,L02,144,85.67,5.017,15.52,11.379,0.11307,Normal
C051,MOSFET,L02,168,85.61,5.013,17.584,12.487,0.1195,Normal
C052,Diode,L05,0,99.13,4.954,4.21,0.0,,Normal
C052,Diode,L05,24,98.96,5.008,4.139,0.0,,Normal
C052,Diode,L05,48,100.15,4.995,3.901,0.0,,Normal
C052,Diode,L05,72,100.71,5.018,4.764,0.0,,Normal
C052,Diode,L05,96,100.8,5.01,5.076,0.0,,Normal
C052,Diode,L05,120,100.28,4.969,4.295,0.0,,Normal
C052,Diode,L05,144,99.51,4.981,6.105,0.0,,Normal
C052,Diode,L05,168,99.59,5.007,5.811,0.0,,Normal
C053,Capacitor,L04,0,125.32,9.947,5.944,0.0,,Normal
C053,Capacitor,L04,24,124.44,9.938,6.849,0.0,,Normal
C053,Capacitor,L04,48,124.04,10.014,6.029,0.0,,Normal
C053,Capacitor,L04,72,125.96,10.043,7.308,0.0,,Normal
C053,Capacitor,L04,96,125.22,10.018,7.563,0.0,,Normal
C053,Capacitor,L04,120,126.08,10.123,7.647,0.0,,Normal
C053,Capacitor,L04,144,124.18,10.076,8.936,0.0,,Normal
C053,Capacitor,L04,168,125.44,10.063,9.715,0.0,,Normal
C054,Diode,L05,0,99.0,5.031,3.366,0.0,,Normal
C054,Diode,L05,24,99.96,4.993,4.088,0.0,,Normal
C054,Diode,L05,48,101.07,4.999,4.194,0.0,,Normal
C054,Diode,L05,72,99.8,4.992,4.118,0.0,,Normal
C054,Diode,L05,96,98.97,4.995,4.873,0.0,,Normal
C054,Diode,L05,120,101.22,4.975,4.729,0.0,,Normal
C054,Diode,L05,144,100.36,5.02,5.727,0.0,,Normal
C054,Diode,L05,168,99.9,5.004,6.633,0.0,,Normal
C055,MOSFET,L06,0,100.6,4.972,9.799,8.361,0.08616,Normal
C055,MOSFET,L06,24,101.85,5.012,10.677,8.191,0.08626,Normal
C055,MOSFET,L06,48,100.63,4.962,10.024,8.953,0.09182,Normal
C055,MOSFET,L06,72,100.94,5.01,11.311,9.448,0.09604,Normal
C055,MOSFET,L06,96,100.03,5.001,12.999,9.909,0.10223,Normal
C055,MOSFET,L06,120,99.59,5.006,13.823,10.682,0.10539,Normal
C055,MOSFET,L06,144,98.77,4.974,14.882,12.101,0.11115,Normal
C055,MOSFET,L06,168,99.0,5.007,17.008,12.112,0.1179,Normal
C056,Capacitor,L04,0,83.63,9.979,6.259,0.0,,Normal
C056,Capacitor,L04,24,84.27,10.011,6.408,0.0,,Normal
C056,Capacitor,L04,48,84.46,9.973,5.592,0.0,,Normal
C056,Capacitor,L04,72,85.64,9.998,6.747,0.0,,Normal
C056,Capacitor,L04,96,85.06,10.037,6.815,0.0,,Normal
C056,Capacitor,L04,120,85.34,10.092,8.735,0.0,,Normal
C056,Capacitor,L04,144,85.55,9.97,9.025,0.0,,Normal
C056,Capacitor,L04,168,84.93,9.975,9.334,0.0,,Normal
C057,Capacitor,L02,0,83.84,9.915,5.812,0.0,,Normal
C057,Capacitor,L02,24,84.5,9.99,6.474,0.0,,Normal
C057,Capacitor,L02,48,84.25,9.925,8.619,0.0,,Warning
C057,Capacitor,L02,72,85.67,9.995,9.108,0.0,,Warning
C057,Capacitor,L02,96,84.65,10.022,12.015,0.0,,Anomaly
C057,Capacitor,L02,120,84.47,9.937,14.442,0.0,,Anomaly
C057,Capacitor,L02,144,84.49,10.049,17.761,0.0,,Anomaly
C057,Capacitor,L02,168,84.66,10.066,21.014,0.0,,Anomaly
C058,MOSFET,L03,0,100.88,5.029,9.911,7.786,0.08456,Normal
C058,MOSFET,L03,24,100.72,4.975,10.102,8.147,0.08793,Normal
C058,MOSFET,L03,48,99.38,4.954,10.686,8.668,0.09261,Normal
C058,MOSFET,L03,72,99.84,4.964,12.164,9.287,0.09806,Normal
C058,MOSFET,L03,96,99.03,5.024,12.837,10.31,0.10677,Normal
C058,MOSFET,L03,120,100.86,5.057,14.371,11.423,0.10528,Normal
C058,MOSFET,L03,144,100.62,5.016,15.842,11.467,0.11568,Normal
C058,MOSFET,L03,168,99.31,5.009,18.535,13.281,0.11975,Normal
C059,Diode,L05,0,99.59,4.98,4.344,0.0,,Normal
C059,Diode,L05,24,100.34,5.008,3.904,0.0,,Normal
C059,Diode,L05,48,100.49,5.008,4.704,0.0,,Normal
C059,Diode,L05,72,99.82,5.007,4.761,0.0,,Normal
C059,Diode,L05,96,99.12,5.002,5.676,0.0,,Normal
C059,Diode,L05,120,99.97,4.999,5.492,0.0,,Normal
C059,Diode,L05,144,99.74,4.969,6.901,0.0,,Normal
C059,Diode,L05,168,99.8,4.997,7.078,0.0,,Normal
C060,Diode,L04,0,125.29,4.992,4.043,0.0,,Normal
C060,Diode,L04,24,125.71,4.992,4.37,0.0,,Normal
C060,Diode,L04,48,126.01,4.984,4.038,0.0,,Normal
C060,Diode,L04,72,125.07,5.043,4.532,0.0,,Normal
C060,Diode,L04,96,125.04,4.964,5.355,0.0,,Normal
C060,Diode,L04,120,125.3,5.008,5.869,0.0,,Normal
C060,Diode,L04,144,124.44,5.012,6.322,0.0,,Normal
C060,Diode,L04,168,125.51,4.986,7.412,0.0,,Normal
